-- MySQL dump 10.13  Distrib 8.0.43, for Win64 (x86_64)
--
-- Host: 127.0.0.1    Database: contracts_db
-- ------------------------------------------------------
-- Server version	8.0.43

/*!40101 SET @OLD_CHARACTER_SET_CLIENT=@@CHARACTER_SET_CLIENT */;
/*!40101 SET @OLD_CHARACTER_SET_RESULTS=@@CHARACTER_SET_RESULTS */;
/*!40101 SET @OLD_COLLATION_CONNECTION=@@COLLATION_CONNECTION */;
/*!50503 SET NAMES utf8 */;
/*!40103 SET @OLD_TIME_ZONE=@@TIME_ZONE */;
/*!40103 SET TIME_ZONE='+00:00' */;
/*!40014 SET @OLD_UNIQUE_CHECKS=@@UNIQUE_CHECKS, UNIQUE_CHECKS=0 */;
/*!40014 SET @OLD_FOREIGN_KEY_CHECKS=@@FOREIGN_KEY_CHECKS, FOREIGN_KEY_CHECKS=0 */;
/*!40101 SET @OLD_SQL_MODE=@@SQL_MODE, SQL_MODE='NO_AUTO_VALUE_ON_ZERO' */;
/*!40111 SET @OLD_SQL_NOTES=@@SQL_NOTES, SQL_NOTES=0 */;

--
-- Table structure for table `clients`
--

DROP TABLE IF EXISTS `clients`;
/*!40101 SET @saved_cs_client     = @@character_set_client */;
/*!50503 SET character_set_client = utf8mb4 */;
CREATE TABLE `clients` (
  `id` varchar(255) NOT NULL,
  `name` varchar(255) NOT NULL,
  `type` enum('فرد','منشأة') NOT NULL DEFAULT 'فرد',
  `city` varchar(100) DEFAULT NULL,
  `district` varchar(100) DEFAULT NULL,
  `contact` json DEFAULT NULL,
  `created_at` timestamp NULL DEFAULT CURRENT_TIMESTAMP,
  PRIMARY KEY (`id`)
) ENGINE=InnoDB DEFAULT CHARSET=utf8mb4 COLLATE=utf8mb4_0900_ai_ci;
/*!40101 SET character_set_client = @saved_cs_client */;

--
-- Dumping data for table `clients`
--

LOCK TABLES `clients` WRITE;
/*!40000 ALTER TABLE `clients` DISABLE KEYS */;
INSERT INTO `clients` VALUES ('1','شركة صقر','منشأة','أبها','الذرة','{}','2025-11-04 23:02:22'),('10','مختبرات ألفا','منشأة','أبها','المنسك','{}','2025-11-18 08:19:07'),('11','مختبرات ألفا','منشأة','أبها','المنسك','{}','2025-11-18 08:21:10'),('12','مختبرات ألفا','منشأة','أبها','المنسك','{}','2025-11-18 09:06:30'),('13','مثلا مثلا','منشأة','Abha','المنسك','{}','2025-11-18 10:33:27'),('14','مطاعم المضياف','منشأة','أبها','الئرة','{}','2025-11-19 23:26:22'),('15','مطاعم المضياف','منشأة','أبها','الئرة','{}','2025-11-19 23:33:36'),('16','مطاعم المضياف','منشأة','أبها','الذرة','{}','2025-11-19 23:51:26'),('17','مطاعم المضياف','منشأة','','','{}','2025-11-20 00:00:48'),('18','مطاعم المضياف','منشأة','Abha','الذرة','{}','2025-11-20 00:13:53'),('19','مطاعم المضياف','منشأة','','','{}','2025-11-20 00:42:49'),('2','برج أبها','منشأة','أبها','الذرة','{}','2025-11-05 00:00:05'),('20','مطاعم المضياف','منشأة','','','{}','2025-11-20 02:52:53'),('21','مطاعم المضياف','منشأة','','','{}','2025-11-20 02:54:34'),('22','مطاعم المضياف','منشأة','','','{}','2025-11-20 02:58:10'),('23','مطاعم المضياف','منشأة','','','{}','2025-11-20 05:17:35'),('24','مطاعم المضياف','منشأة','','','{}','2025-11-21 01:33:24'),('25','مطاعم المضياف','منشأة','','','{}','2025-11-21 02:37:52'),('26','مطاعم المضياف','منشأة','','','{}','2025-11-21 03:02:08'),('27','مطاعم المضياف','منشأة','Abha','نزهة','{}','2025-11-21 04:27:55'),('3','شركة صقر','منشأة','أبها','الذرة','{}','2025-11-05 00:03:02'),('4','شركة بتروجاز','منشأة','أبها','الذرة','{}','2025-11-05 00:40:31'),('5','مستشفى أبها','منشأة','أبها','الذرة','{}','2025-11-05 19:15:54'),('6','شركة صقر','منشأة','Abha','نزهة','{}','2025-11-05 19:25:44'),('7','مستشفى أبها','منشأة','أبها','نزهة','{}','2025-11-05 20:04:04'),('8','مختبرات ألفا','منشأة','أبها','المنسك','{}','2025-11-18 08:05:12'),('9','مختبرات ألفا','منشأة','أبها','المنسك','{}','2025-11-18 08:05:24'),('client-1763708812210','بقالة','فرد','Abha','الذرة',NULL,'2025-11-21 07:06:52'),('client-1763709014196','بقالة','فرد','Abha','الذرة',NULL,'2025-11-21 07:10:14'),('client-1763709490782','بقالة','فرد','Abha','الذرة',NULL,'2025-11-21 07:18:10'),('client-1763710572721','بقالة','منشأة','Abha','الذرة',NULL,'2025-11-21 07:36:12'),('client-1763714789958','air shit','فرد','Abha','الذرة',NULL,'2025-11-21 08:46:29'),('client-1763774106402','example','فرد','example','example',NULL,'2025-11-22 01:15:06'),('client-1763774963425','e','فرد','e','e',NULL,'2025-11-22 01:29:23'),('client-1763775273428','a','فرد','a','a',NULL,'2025-11-22 01:34:33'),('client-1763790794923','a','فرد','a','a',NULL,'2025-11-22 05:53:14'),('client-1763790794964','a','فرد','a','a',NULL,'2025-11-22 05:53:14'),('client-1763794643104','n','فرد','n','n','{\"email\": \"zosana333@gmail.com\"}','2025-11-22 06:57:23'),('client-1763852340983','n','فرد','n','n',NULL,'2025-11-22 22:59:00'),('client-1763852350115','n','فرد','n','n',NULL,'2025-11-22 22:59:10'),('client-1763852386545','n','فرد','n','n',NULL,'2025-11-22 22:59:46'),('client-1763852395418','n','فرد','n','n',NULL,'2025-11-22 22:59:55'),('client-1763852564344','n','فرد','n','n',NULL,'2025-11-22 23:02:44'),('client-1763852760820','n','فرد','n','n',NULL,'2025-11-22 23:06:00'),('client-1763853731990','m','فرد','m','m',NULL,'2025-11-22 23:22:11'),('client-1763854103771','m','فرد','m','m',NULL,'2025-11-22 23:28:23'),('client-1763854764165','m','فرد','m','m',NULL,'2025-11-22 23:39:24'),('client-1763855255850','m','فرد','m','m',NULL,'2025-11-22 23:47:35'),('client-1763855931998','m','فرد','m','m',NULL,'2025-11-22 23:58:51'),('client-1763856431090','x','فرد','x','x',NULL,'2025-11-23 00:07:11'),('client-1763856796547','x','فرد','x','x',NULL,'2025-11-23 00:13:16'),('client-1763858553923','x','فرد','x','x',NULL,'2025-11-23 00:42:33'),('client-1763858622984','x','فرد','x','x',NULL,'2025-11-23 00:43:42'),('client-1763861546646','x','فرد','x','x',NULL,'2025-11-23 01:32:26'),('client-1763864057683','x','فرد','x','x',NULL,'2025-11-23 02:14:17'),('client-1763864766911','b','فرد','b','b',NULL,'2025-11-23 02:26:06'),('client-1763865278424','b','فرد','b','b',NULL,'2025-11-23 02:34:38'),('client-1763865504912','z','فرد','z','z',NULL,'2025-11-23 02:38:24'),('client-1763866671837','z','فرد',NULL,NULL,NULL,'2025-11-23 02:57:51'),('client-1763866732941','c','فرد','c','c',NULL,'2025-11-23 02:58:52'),('client-1763867172057','c','فرد','c','c',NULL,'2025-11-23 03:06:12'),('client-1763867172063','c','فرد','c','c',NULL,'2025-11-23 03:06:12'),('client-1763867172073','c','فرد','c','c',NULL,'2025-11-23 03:06:12'),('client-1763867172075','c','فرد','c','c',NULL,'2025-11-23 03:06:12'),('client-1763867172081','c','فرد','c','c',NULL,'2025-11-23 03:06:12'),('client-1763867180064','c','فرد','c','c',NULL,'2025-11-23 03:06:20'),('client-1763867357075','v','فرد','v','v',NULL,'2025-11-23 03:09:17');
/*!40000 ALTER TABLE `clients` ENABLE KEYS */;
UNLOCK TABLES;

--
-- Table structure for table `contract_attachments`
--

DROP TABLE IF EXISTS `contract_attachments`;
/*!40101 SET @saved_cs_client     = @@character_set_client */;
/*!50503 SET character_set_client = utf8mb4 */;
CREATE TABLE `contract_attachments` (
  `id` int NOT NULL AUTO_INCREMENT,
  `contract_id` varchar(50) NOT NULL,
  `field_name` varchar(100) NOT NULL,
  `field_type` enum('text','image') NOT NULL,
  `text_value` text,
  `image_filename` varchar(255) DEFAULT NULL,
  `created_at` timestamp NULL DEFAULT CURRENT_TIMESTAMP,
  PRIMARY KEY (`id`),
  KEY `idx_contract_id` (`contract_id`)
) ENGINE=InnoDB AUTO_INCREMENT=75 DEFAULT CHARSET=utf8mb4 COLLATE=utf8mb4_0900_ai_ci;
/*!40101 SET character_set_client = @saved_cs_client */;

--
-- Dumping data for table `contract_attachments`
--

LOCK TABLES `contract_attachments` WRITE;
/*!40000 ALTER TABLE `contract_attachments` DISABLE KEYS */;
INSERT INTO `contract_attachments` VALUES (1,'CN-2025-944','license_photo','text','1234567890',NULL,'2025-11-27 04:41:17'),(2,'CN-2025-944','container_location_doc','text','1234567890',NULL,'2025-11-27 04:41:17'),(3,'CN-2025-944','commercial_registration','text','1234567890',NULL,'2025-11-27 04:41:17'),(4,'CN-2025-944','activity_license','text','1234567890',NULL,'2025-11-27 04:41:17'),(5,'CN-2025-944','tax_number','text','1234567890',NULL,'2025-11-27 04:41:17'),(6,'CN-2025-944','license_photo','text','1234567890',NULL,'2025-11-27 04:44:57'),(7,'CN-2025-944','container_location_doc','text','1234567890',NULL,'2025-11-27 04:44:57'),(8,'CN-2025-944','commercial_registration','text','1234567890',NULL,'2025-11-27 04:44:57'),(9,'CN-2025-944','activity_license','text','1234567890',NULL,'2025-11-27 04:44:57'),(10,'CN-2025-944','tax_number','text','1234567890',NULL,'2025-11-27 04:44:57'),(11,'CN-2025-944','license_photo','text','1234567890',NULL,'2025-11-27 04:47:42'),(12,'CN-2025-944','container_location_doc','text','1234567890',NULL,'2025-11-27 04:47:42'),(13,'CN-2025-944','commercial_registration','text','1234567890',NULL,'2025-11-27 04:47:42'),(14,'CN-2025-944','activity_license','text','1234567890',NULL,'2025-11-27 04:47:42'),(15,'CN-2025-944','tax_number','text','1234567890',NULL,'2025-11-27 04:47:42'),(16,'CN-2025-944','license_photo','text','1234567890',NULL,'2025-11-27 04:57:23'),(17,'CN-2025-944','container_location_doc','text','1234567890',NULL,'2025-11-27 04:57:23'),(18,'CN-2025-944','commercial_registration','text','1234567890',NULL,'2025-11-27 04:57:23'),(19,'CN-2025-944','activity_license','text','1234567890',NULL,'2025-11-27 04:57:23'),(20,'CN-2025-944','tax_number','text','1234567890',NULL,'2025-11-27 04:57:23'),(21,'CN-2025-944','license_photo','text','1234567890',NULL,'2025-11-27 05:09:19'),(22,'CN-2025-944','container_location_doc','text','1234567890',NULL,'2025-11-27 05:09:19'),(23,'CN-2025-944','commercial_registration','text','1234567890',NULL,'2025-11-27 05:09:19'),(24,'CN-2025-944','activity_license','text','1234567890',NULL,'2025-11-27 05:09:19'),(25,'CN-2025-944','tax_number','text','1234567890',NULL,'2025-11-27 05:09:19'),(26,'CN-2025-944','license_photo','image',NULL,'license_photo_1764293721477.png','2025-11-28 01:35:21'),(27,'CN-2025-944','container_location_doc','text','1234567890',NULL,'2025-11-28 01:35:21'),(28,'CN-2025-944','commercial_registration','image',NULL,'commercial_registration_1764293721518.png','2025-11-28 01:35:21'),(29,'CN-2025-944','activity_license','text','1234567890',NULL,'2025-11-28 01:35:21'),(30,'CN-2025-944','tax_number','image',NULL,'tax_number_1764293721532.png','2025-11-28 01:35:21'),(31,'CN-2025-945','license_photo','image',NULL,'license_photo_1764294511623.png','2025-11-28 01:48:31'),(32,'CN-2025-945','container_location_doc','image',NULL,'container_location_doc_1764294511630.png','2025-11-28 01:48:31'),(33,'CN-2025-945','commercial_registration','text','1234567891',NULL,'2025-11-28 01:48:31'),(34,'CN-2025-945','activity_license','text','4422444',NULL,'2025-11-28 01:48:31'),(35,'CN-2025-945','tax_number','text','1234567890',NULL,'2025-11-28 01:48:31'),(36,'CN-2025-945','license_photo','image',NULL,'license_photo_1764298690073.png','2025-11-28 02:58:10'),(37,'CN-2025-945','container_location_doc','image',NULL,'container_location_doc_1764298690084.png','2025-11-28 02:58:10'),(38,'CN-2025-945','commercial_registration','image',NULL,'commercial_registration_1764298690095.png','2025-11-28 02:58:10'),(39,'CN-2025-945','activity_license','image',NULL,'activity_license_1764298690111.png','2025-11-28 02:58:10'),(40,'CN-2025-945','tax_number','image',NULL,'tax_number_1764298690128.png','2025-11-28 02:58:10'),(41,'CN-2025-946','license_photo','image',NULL,'license_photo_1764360028536.png','2025-11-28 20:00:28'),(42,'CN-2025-946','container_location_doc','text','أبها الذرة',NULL,'2025-11-28 20:00:28'),(43,'CN-2025-946','commercial_registration','text','1234567890',NULL,'2025-11-28 20:00:28'),(44,'CN-2025-946','activity_license','image',NULL,'activity_license_1764360028577.png','2025-11-28 20:00:28'),(45,'CN-2025-946','tax_number','text','4455667788',NULL,'2025-11-28 20:00:28'),(46,'CN-2025-947','license_photo','image',NULL,'license_photo_1764365585817.png','2025-11-28 21:33:05'),(47,'CN-2025-947','container_location_doc','text','أبها الذرة',NULL,'2025-11-28 21:33:05'),(48,'CN-2025-947','commercial_registration','text','50545859',NULL,'2025-11-28 21:33:05'),(49,'CN-2025-947','activity_license','text','64587941',NULL,'2025-11-28 21:33:05'),(50,'CN-2025-947','tax_number','text','16597895',NULL,'2025-11-28 21:33:05'),(51,'CN-2025-422','license_photo','text','1213',NULL,'2025-11-28 21:35:59'),(52,'CN-2025-422','container_location_doc','text','أبها الذرة',NULL,'2025-11-28 21:35:59'),(53,'CN-2025-422','commercial_registration','text','1111',NULL,'2025-11-28 21:35:59'),(54,'CN-2025-422','activity_license','text','11112222',NULL,'2025-11-28 21:35:59'),(55,'CN-2025-422','tax_number','text','53435435',NULL,'2025-11-28 21:35:59'),(56,'CN-2025-948','license_photo','image',NULL,'license_photo_1764391778396.png','2025-11-29 04:49:38'),(57,'CN-2025-948','container_location_doc','text','أبها الذرة',NULL,'2025-11-29 04:49:38'),(58,'CN-2025-948','commercial_registration','text','50545859',NULL,'2025-11-29 04:49:38'),(59,'CN-2025-948','activity_license','text','4422444',NULL,'2025-11-29 04:49:38'),(60,'CN-2025-948','tax_number','text','16597895',NULL,'2025-11-29 04:49:38'),(61,'CN-2025-948','license_photo','image',NULL,'license_photo_1764392169660.png','2025-11-29 04:56:09'),(62,'CN-2025-948','container_location_doc','text','أبها الذرة',NULL,'2025-11-29 04:56:09'),(63,'CN-2025-948','commercial_registration','text','50545859',NULL,'2025-11-29 04:56:09'),(64,'CN-2025-948','activity_license','text','4422444',NULL,'2025-11-29 04:56:09'),(65,'CN-2025-948','tax_number','text','16597895',NULL,'2025-11-29 04:56:09'),(66,'CN-2025-949','container_location_doc','text','1234567890',NULL,'2025-11-29 09:48:09'),(67,'CN-2025-949','commercial_registration','text','1234567890',NULL,'2025-11-29 09:48:09'),(68,'CN-2025-949','activity_license','image',NULL,'activity_license_1764409689267.png','2025-11-29 09:48:09'),(69,'CN-2025-949','tax_number','text','4455667788',NULL,'2025-11-29 09:48:09'),(70,'CN-2025-950','license_photo','text','1',NULL,'2025-11-30 22:12:53'),(71,'CN-2025-950','container_location_doc','text','أبها الذرة',NULL,'2025-11-30 22:12:53'),(72,'CN-2025-950','commercial_registration','text','50545859',NULL,'2025-11-30 22:12:53'),(73,'CN-2025-950','activity_license','text','64587941',NULL,'2025-11-30 22:12:53'),(74,'CN-2025-950','tax_number','text','4455667788',NULL,'2025-11-30 22:12:53');
/*!40000 ALTER TABLE `contract_attachments` ENABLE KEYS */;
UNLOCK TABLES;

--
-- Table structure for table `contracts`
--

DROP TABLE IF EXISTS `contracts`;
/*!40101 SET @saved_cs_client     = @@character_set_client */;
/*!50503 SET character_set_client = utf8mb4 */;
CREATE TABLE `contracts` (
  `id` varchar(50) NOT NULL,
  `client_id` varchar(255) NOT NULL,
  `client_type` enum('فرد','منشأة') NOT NULL,
  `service_id` int DEFAULT NULL,
  `service_name` varchar(200) DEFAULT NULL,
  `from_date` date DEFAULT NULL,
  `to_date` date DEFAULT NULL,
  `container_type` varchar(80) DEFAULT NULL,
  `container_location` varchar(64) DEFAULT NULL,
  `pickup_location` varchar(64) DEFAULT NULL,
  `location` varchar(255) DEFAULT NULL,
  `monthly_fee` decimal(12,2) DEFAULT '0.00',
  `total_price` decimal(12,2) DEFAULT '0.00',
  `manager` varchar(150) DEFAULT NULL,
  `status` enum('active','pending','expired') DEFAULT 'pending',
  `sign_method` enum('إلكتروني','يدوي') DEFAULT 'إلكتروني',
  `terms` text,
  `extra` text,
  `pdf_url` varchar(512) DEFAULT NULL,
  `created_at` timestamp NULL DEFAULT CURRENT_TIMESTAMP,
  `updated_at` timestamp NULL DEFAULT CURRENT_TIMESTAMP ON UPDATE CURRENT_TIMESTAMP,
  `signature_data` json DEFAULT NULL,
  `signed_at` timestamp NULL DEFAULT NULL,
  `signed_ip` varchar(45) DEFAULT NULL,
  `signed_by` varchar(100) DEFAULT NULL,
  `file_url` varchar(255) DEFAULT NULL,
  `client_email` varchar(255) DEFAULT NULL,
  `city` varchar(100) DEFAULT NULL,
  `district` varchar(100) DEFAULT NULL,
  `duration` varchar(50) DEFAULT NULL,
  `collector` varchar(150) DEFAULT NULL,
  `client_phone` varchar(50) DEFAULT NULL,
  `first_party` varchar(255) DEFAULT 'شركة بفت للمقاولات',
  `second_party` varchar(255) DEFAULT NULL,
  `payment_type` varchar(50) DEFAULT 'سنوية',
  PRIMARY KEY (`id`),
  KEY `contracts_ibfk_1` (`client_id`)
) ENGINE=InnoDB DEFAULT CHARSET=utf8mb4 COLLATE=utf8mb4_0900_ai_ci;
/*!40101 SET character_set_client = @saved_cs_client */;

--
-- Dumping data for table `contracts`
--

LOCK TABLES `contracts` WRITE;
/*!40000 ALTER TABLE `contracts` DISABLE KEYS */;
INSERT INTO `contracts` VALUES ('CN-2025-1','client-1763866732941','فرد',NULL,'نظافة يومية','2025-11-23','2025-12-06','برميل','18.208539,42.510910','18.208539,42.510910','c',10.00,120.00,'زين العابدين','pending','إلكتروني','نموذج عقد كامل (مثال)\nنموذج عقد...','',NULL,'2025-11-23 02:26:06','2025-11-23 03:06:12',NULL,NULL,NULL,NULL,NULL,NULL,NULL,NULL,NULL,NULL,NULL,'شركة بفت للمقاولات',NULL,'سنوية'),('CN-2025-167','client-1763710572721','منشأة',NULL,'نظافة يومية','2025-11-21','2025-11-26','برميل',NULL,NULL,'أبها',100.00,1100.00,'زين العابدين','pending','إلكتروني','البند: مدة العقد\nمدة هذا العقد (سنة) من تاريخ ...',NULL,NULL,'2025-11-21 07:36:12','2025-11-21 07:36:12',NULL,NULL,NULL,NULL,NULL,NULL,NULL,NULL,NULL,NULL,NULL,'شركة بفت للمقاولات',NULL,'سنوية'),('CN-2025-289','2','منشأة',NULL,'نظافة يومية','2025-11-05','2026-11-05','6 ياردة','18.208598,42.510052','18.208401,42.510380','أبها',1400.00,1400.00,'محمد الفاضل','active','إلكتروني','لا تأخير للدفعات ',NULL,NULL,'2025-11-05 00:00:05','2025-11-05 00:00:05',NULL,NULL,NULL,NULL,NULL,NULL,NULL,NULL,NULL,NULL,NULL,'شركة بفت للمقاولات',NULL,'سنوية'),('CN-2025-294','7','منشأة',NULL,'نظافة أسبوعية','2025-11-05','2025-11-20','برميل','18.232454,42.505459','18.232148,42.505325','أبها',1400.00,1400.00,'أبو ضحى','active','إلكتروني','','',NULL,'2025-11-05 19:15:54','2025-11-05 20:04:04',NULL,NULL,NULL,NULL,NULL,NULL,NULL,NULL,NULL,NULL,NULL,'شركة بفت للمقاولات',NULL,'سنوية'),('CN-2025-341','13','منشأة',NULL,'نظافة أسبوعية','2025-11-17','2025-11-26','برميل','18.222443,42.561302','18.222443113536585, 42.56130221625266','أبها',10.00,120.00,'زين العابدين','pending','إلكتروني','البند: قيمة العقد و الدفع\nقيمة هذا العقد شهريا قبل الضريبة بمبلغ (۱۰۰) فقط...','',NULL,'2025-11-18 08:21:10','2025-11-29 04:41:49',NULL,NULL,NULL,NULL,NULL,'zosana333@gmail.com','Abha','المنسك','سنوي','مصعب','1271871373','شركة بفت للمقاولات','مثلا مثلا','سنوية'),('CN-2025-344','client-1763856431090','فرد',NULL,'نظافة يومية',NULL,NULL,NULL,'18.208539,42.510910','18.208539,42.510910',NULL,0.00,12.00,'x','pending','إلكتروني','نموذج عقد كامل (مثال)\nنموذج عقد...','',NULL,'2025-11-23 00:07:11','2025-11-23 02:15:03',NULL,NULL,NULL,NULL,NULL,NULL,NULL,NULL,NULL,NULL,NULL,'شركة بفت للمقاولات',NULL,'سنوية'),('CN-2025-349','client-1763709490782','فرد',NULL,'نظافة يومية','2025-11-21','2025-11-25','برميل','18.208539,42.510910','18.208539,42.510910','أبها',100.00,1000.00,'زين العابدين','pending','إلكتروني','','',NULL,'2025-11-21 07:06:52','2025-11-21 07:18:10',NULL,NULL,NULL,NULL,NULL,NULL,NULL,NULL,NULL,NULL,NULL,'شركة بفت للمقاولات',NULL,'سنوية'),('CN-2025-422','client-1763866732941','فرد',NULL,'نظافة يومية','2025-11-22','2025-12-05','برميل','18.208539,42.510910','18.208539,42.510910','c',10.00,120.00,'زين العابدين','active','إلكتروني','نموذج عقد كامل (مثال)\r\nنموذج عقد...',NULL,NULL,'2025-11-23 03:06:20','2025-11-28 21:35:59',NULL,NULL,NULL,NULL,NULL,'zosana333@gmail.com','c','c','سنوي','c','1271871373','شركة بفت للمقاولات','c','سنوية'),('CN-2025-494','client-1763774963425','فرد',NULL,'نظافة يومية','2025-11-22','2025-11-27','برميل',NULL,NULL,'e',100.00,1200.00,'e','pending','إلكتروني',NULL,NULL,NULL,'2025-11-22 01:29:23','2025-11-22 01:29:23',NULL,NULL,NULL,NULL,NULL,NULL,NULL,NULL,NULL,NULL,NULL,'شركة بفت للمقاولات',NULL,'سنوية'),('CN-2025-526','6','منشأة',NULL,'نظافة أسبوعية','2025-11-08','2026-07-08','برميل','18.206070,42.516793','18.206374,42.516851','أبها',1200.00,1200.00,'زين العابدين','pending','إلكتروني','لا ','',NULL,'2025-11-04 23:02:22','2025-11-05 19:25:44',NULL,NULL,NULL,NULL,NULL,NULL,NULL,NULL,NULL,NULL,NULL,'شركة بفت للمقاولات',NULL,'سنوية'),('CN-2025-530','client-1763855931998','فرد',NULL,'نظافة يومية','2025-11-23','2025-12-05','برميل','18.208539,42.510910','18.208539,42.510910','m',20.00,300.00,'m','pending','إلكتروني','البند: مدة العقد\nمدة هذا العقد (سنة) من تاريخ ...','',NULL,'2025-11-22 23:22:12','2025-11-22 23:58:52',NULL,NULL,NULL,NULL,NULL,'zosana333@gmail.com',NULL,NULL,NULL,NULL,NULL,'شركة بفت للمقاولات',NULL,'سنوية'),('CN-2025-568','client-1763866732941','فرد',NULL,'نظافة يومية','2025-11-23','2025-12-06',NULL,NULL,NULL,NULL,0.00,120.00,'زين العابدين','active','إلكتروني','نموذج عقد كامل (مثال)\nنموذج عقد...',NULL,NULL,'2025-11-23 03:06:20','2025-11-29 10:33:29',NULL,NULL,NULL,NULL,NULL,NULL,NULL,NULL,NULL,NULL,NULL,'شركة بفت للمقاولات',NULL,'سنوية'),('CN-2025-584','client-1763714789958','فرد',NULL,'نظافة يومية',NULL,NULL,'برميل',NULL,NULL,'أبها',100.00,1200.00,'زين العابدين','pending','إلكتروني',NULL,NULL,NULL,'2025-11-21 08:46:29','2025-11-21 08:46:29',NULL,NULL,NULL,NULL,NULL,NULL,NULL,NULL,NULL,NULL,NULL,'شركة بفت للمقاولات',NULL,'سنوية'),('CN-2025-752','27','منشأة',NULL,'نظافة يومية','2025-11-21','2026-11-21','1 ياردة','18.208539,42.510910','18.208539,42.510910','أبها',100.00,1200.00,'زين العابدين','pending','إلكتروني','','',NULL,'2025-11-19 23:26:22','2025-11-21 04:27:55',NULL,NULL,NULL,NULL,NULL,NULL,NULL,NULL,NULL,NULL,NULL,'شركة بفت للمقاولات',NULL,'سنوية'),('CN-2025-773','4','منشأة',NULL,'نقل نفايات','2025-11-05','2026-11-05','1 ياردة','18.196084,42.524667','18.196544,42.524445','أبها',1400.00,2100.00,'مصعب','pending','إلكتروني',NULL,NULL,NULL,'2025-11-05 00:40:31','2025-11-29 04:40:28',NULL,NULL,NULL,NULL,NULL,NULL,NULL,NULL,NULL,NULL,NULL,'شركة بفت للمقاولات',NULL,'سنوية'),('CN-2025-925','client-1763775273428','فرد',NULL,'نظافة يومية','2025-11-22','2025-11-28','برميل',NULL,NULL,'a',100.00,1200.00,'a','pending','إلكتروني','البند: مدة العقد\r\nمدة هذا العقد (سنة) من تاريخ ...',NULL,NULL,'2025-11-22 01:34:33','2025-11-22 05:55:09',NULL,NULL,NULL,NULL,NULL,'zosana333@gmail.com',NULL,NULL,NULL,NULL,NULL,'شركة بفت للمقاولات',NULL,'سنوية'),('CN-2025-934','client-1763774106402','فرد',NULL,'نظافة يومية','2025-11-22','2025-12-13','برميل',NULL,NULL,'example',100.00,1200.00,'زين العابدين','pending','إلكتروني','البند: مدة العقد\nمدة هذا العقد (سنة) من تاريخ ...',NULL,NULL,'2025-11-22 01:15:06','2025-11-22 01:15:06',NULL,NULL,NULL,NULL,NULL,NULL,NULL,NULL,NULL,NULL,NULL,'شركة بفت للمقاولات',NULL,'سنوية'),('CN-2025-935','client-1763775273428','فرد',NULL,'نظافة يومية','2025-11-22','2025-12-02','برميل',NULL,NULL,'a',100.00,1200.00,'a','pending','إلكتروني',NULL,NULL,NULL,'2025-11-22 06:05:37','2025-11-22 06:05:37',NULL,NULL,NULL,NULL,NULL,'zosana333@gmail.com',NULL,NULL,NULL,NULL,NULL,'شركة بفت للمقاولات',NULL,'سنوية'),('CN-2025-936','client-1763775273428','فرد',NULL,'نظافة يومية','2025-11-22','2025-12-02','برميل',NULL,NULL,'a',100.00,1200.00,'a','pending','إلكتروني',NULL,NULL,NULL,'2025-11-22 06:05:45','2025-11-22 06:05:45',NULL,NULL,NULL,NULL,NULL,'zosana333@gmail.com',NULL,NULL,NULL,NULL,NULL,'شركة بفت للمقاولات',NULL,'سنوية'),('CN-2025-937','client-1763775273428','فرد',NULL,'نظافة يومية','2025-11-22','2025-12-02','برميل',NULL,NULL,'a',100.00,1200.00,'a','pending','إلكتروني',NULL,NULL,NULL,'2025-11-22 06:05:59','2025-11-22 06:05:59',NULL,NULL,NULL,NULL,NULL,'zosana333@gmail.com',NULL,NULL,NULL,NULL,NULL,'شركة بفت للمقاولات',NULL,'سنوية'),('CN-2025-938','client-1763775273428','فرد',NULL,'نظافة يومية','2025-11-22','2025-12-02','برميل',NULL,NULL,'a',100.00,1200.00,'a','pending','إلكتروني',NULL,NULL,NULL,'2025-11-22 06:07:01','2025-11-22 06:07:01',NULL,NULL,NULL,NULL,NULL,'zosana333@gmail.com',NULL,NULL,NULL,NULL,NULL,'شركة بفت للمقاولات',NULL,'سنوية'),('CN-2025-939','client-1763775273428','فرد',NULL,'نظافة يومية','2025-11-22','2025-12-06','برميل',NULL,NULL,'a',100.00,1200.00,'a','pending','إلكتروني',NULL,NULL,NULL,'2025-11-22 06:12:42','2025-11-22 06:12:42',NULL,NULL,NULL,NULL,NULL,'zosana333@gmail.com',NULL,NULL,NULL,NULL,NULL,'شركة بفت للمقاولات',NULL,'سنوية'),('CN-2025-940','client-1763775273428','فرد',NULL,'نظافة يومية','2025-11-22','2025-11-28','برميل',NULL,NULL,'a',100.00,1200.00,'a','pending','إلكتروني','البند: مدة العقد\r\nمدة هذا العقد (سنة) من تاريخ ...',NULL,NULL,'2025-11-22 06:17:30','2025-11-22 06:17:30',NULL,NULL,NULL,NULL,NULL,'zosana333@gmail.com',NULL,NULL,NULL,NULL,NULL,'شركة بفت للمقاولات',NULL,'سنوية'),('CN-2025-941','client-1763852760820','فرد',NULL,'نظافة يومية','2025-11-23','2025-12-06','برميل','18.208539,42.510910','18.208539,42.510910','n',100.00,1200.00,'n','pending','إلكتروني','البند: مدة العقد\nمدة هذا العقد (سنة) من تاريخ ...','',NULL,'2025-11-22 06:57:23','2025-11-22 23:06:00',NULL,NULL,NULL,NULL,NULL,'zosana333@gmail.com',NULL,NULL,NULL,NULL,NULL,'شركة بفت للمقاولات',NULL,'سنوية'),('CN-2025-942','client-1763867357075','فرد',NULL,'طوارئ','2025-11-17','2025-12-01','6 ياردة','18.208539,42.510910','18.208539,42.510910','bbb',1.00,12.00,'v','active','إلكتروني','البند: مدة العقد\nمدة هذا العقد (سنة) من تاريخ ...',NULL,NULL,'2025-11-23 03:09:17','2025-11-24 22:35:36',NULL,NULL,NULL,NULL,NULL,'zosana333@gmail.com','v','v','دفعة واحدة','v','0500718859','شركة بفت للمقاولات','v','دفعة واحدة'),('CN-2025-943','client-1763794643104','فرد',NULL,'نظافة يومية','2025-10-26','2025-11-09','6 ياردة','18.208539,42.510910','18.208539,42.510910','n',100.00,1200.00,'n','active','إلكتروني','3333\nنموذج عقد\n\n١٥ / ١١ / ٢٠٢٥م\n\nمحصل / على محسن سوق / على محسن\n\nعقد جديد\n\nعقد اتفاق نقل النفايات التجارية\n\nالبند الأولية\n\nرقم العقد (3356)\n\nعنوانها: (حجلة ) إشارة باحص خلف مجموعة الجربوع\n\nالسجل التجاري رقم : ۵۸۵۰۰۱۹۹۸۹ ) جوال / ٠٥٥٢۲۰۰۹۳۱/۰۰۳۷۷۷۱۱۰۹\n\nالطرف الأول: شركة بفت المقاولات هاتف رقم : ۲۲۷٨٦٦٦-۱۷ - تحويلة (۱۰۰\n\nالطرف الثاني: مؤسسه مفهوم الذوق للتجاره\n\nبريد الكتروني : BAFT-EST @HOTMAIL.COM\n\nسجل تجاري رقم (٥٨٥٥٣٧١٢٦٣) الرقم الموحد (٧٠٣٧٩٧٤٥٧٨).\n\nويمثلها في هذا العقد : جابر مفرح على هروبي ) السجل المدني (۱۰۰۳٠٨۲۳۹۹) ، جوال رقم جوال رقم (۰۰۷۸۷٠۱۰۰۷)\n\nالعنوان : احد رفيده / حي الزهور ) رقم الرخصة (-) الرقم الضريبي (-).\n\nوبعد أن أقر الطرفان بأهليتهما الشرعية والنظامية للتعاقد والتصرف اللقا على الآتي:\n1- يقوم الطرف الأول بنقل وترحيل ما ينتجه الطرف الثاني من نقابات بواسطة عماله والياته ومعناته والتخلص منها بترحيلها إلى المرمى العام.\n\nيدفع الطرف الثاني للطرف الأول أجرة هذه الخدمة بداية كل شهر مقدما حسب التاريخ الموضوحيلتزم الطرف الأول بتأمين حاوية مقاس (مشترك) ونقل ما بداخل الحاوية فقط .\n\nيلتزم الطرف الثاني بوضع ما ينتجه من نفايات في أكياس محكمة وربطها جيدا لمنع ترب المواد السائلة البلد الثاني : قيمة العقد\n\nعند وضعها أو نقلها وذلك حفاظا على النظافة العامة وصحة البيئة .\n\nقيمة هذا العقد شهريا قبل الضريبة بمبلغ (۱۰۰) فقط مائة ريال ، بالإضافة الى قيمة الضريبة المضافة (١٥) بمبلغ (٥))\n\nفقط خمسة عشرة ريال بإجمالي شهري مع ضريبة القيمة المضافة (۱۱ۥ) فقط مائة وخمسة عشرة ريال شهري\n\nاحمد\n\nΘ\n\nالبند الثالث : مدة العقد\n\nعلما بأن شركة بقت المقاولات مسجلة في ضريبة القيمة المضافة بالرقم الضريبي (۳۱۲۱۹۷٥۴۲۷۰۰۰۰۳)\n\nهدة هذا العقد (سنة) من تاريخ ۲۰۲۵/۱۱/۰۱م يتجدد تلقائياً مالم يشعر أي من الطرفين الطرف الآخر بعدم رغبته في التجد قبل شهر على الأقل من نهاية مدة العقد بناء على البيانات السابقة في عناوين الطرفين\n\nحب على الطرف الثاني ابلاغ الطرف الأول بأي ملاحظات عن اداء العمل بموجب إشعار كتابي يرسل على إحدى العناوين السابقة . يكون سداد المبالغ المالية بين الطرفين الأول بالي والتحية للشركة وخلاف ذلك فإن الطرف الأول غير مسؤول عن ذلك تم تحرير هذا العقد من نسختين لكل من الطرفين نسخة، ولكم جزيل الشكر .\n\n\n\n\n\nملاحظه / العمر لا يعتمد الا بالختم\n\nمثلا مثلا\nkjkjkj\n\nالبند: مدة العقد\nمدة هذا العقد (سنة) من تاريخ ...\n\nالبند: قيمة العقد و الدفع\nقيمة هذا العقد شهريا قبل الضريبة بمبلغ (۱۰۰) فقط...\n\nنموذج عقد كامل (مثال) 3\nنموذج عقد\n\n١٥ / ١١ / ٢٠٢٥م\n\nمحصل / على محسن سوق / على محسن\n\nعقد جديد\n\nعقد اتفاق نقل النفايات التجارية\n\nالبند الأولية\n\nرقم العقد (3356)\n\nعنوانها: (حجلة ) إشارة باحص خلف مجموعة الجربوع\n\nالسجل التجاري رقم : ۵۸۵۰۰۱۹۹۸۹ ) جوال / ٠٥٥٢۲۰۰۹۳۱/۰۰۳۷۷۷۱۱۰۹\n\nالطرف الأول: شركة بفت المقاولات هاتف رقم : ۲۲۷٨٦٦٦-۱۷ - تحويلة (۱۰۰\n\nالطرف الثاني: مؤسسه مفهوم الذوق للتجاره\n\nبريد الكتروني : BAFT-EST @HOTMAIL.COM\n\nسجل تجاري رقم (٥٨٥٥٣٧١٢٦٣) الرقم الموحد (٧٠٣٧٩٧٤٥٧٨).\n\nويمثلها في هذا العقد : جابر مفرح على هروبي ) السجل المدني (۱۰۰۳٠٨۲۳۹۹) ، جوال رقم جوال رقم (۰۰۷۸۷٠۱۰۰۷)\n\nالعنوان : احد رفيده / حي الزهور ) رقم الرخصة (-) الرقم الضريبي (-).\n\nوبعد أن أقر الطرفان بأهليتهما الشرعية والنظامية للتعاقد والتصرف اللقا على الآتي:\n1- يقوم الطرف الأول بنقل وترحيل ما ينتجه الطرف الثاني من نقابات بواسطة عماله والياته ومعناته والتخلص منها بترحيلها إلى المرمى العام.\n\nيدفع الطرف الثاني للطرف الأول أجرة هذه الخدمة بداية كل شهر مقدما حسب التاريخ الموضوحيلتزم الطرف الأول بتأمين حاوية مقاس (مشترك) ونقل ما بداخل الحاوية فقط .\n\nيلتزم الطرف الثاني بوضع ما ينتجه من نفايات في أكياس محكمة وربطها جيدا لمنع ترب المواد السائلة البلد الثاني : قيمة العقد\n\nعند وضعها أو نقلها وذلك حفاظا على النظافة العامة وصحة البيئة .\n\nقيمة هذا العقد شهريا قبل الضريبة بمبلغ (۱۰۰) فقط مائة ريال ، بالإضافة الى قيمة الضريبة المضافة (١٥) بمبلغ (٥))\n\nفقط خمسة عشرة ريال بإجمالي شهري مع ضريبة القيمة المضافة (۱۱ۥ) فقط مائة وخمسة عشرة ريال شهري\n\nاحمد\n\nΘ\n\nالبند الثالث : مدة العقد\n\nعلما بأن شركة بقت المقاولات مسجلة في ضريبة القيمة المضافة بالرقم الضريبي (۳۱۲۱۹۷٥۴۲۷۰۰۰۰۳)\n\nهدة هذا العقد (سنة) من تاريخ ۲۰۲۵/۱۱/۰۱م يتجدد تلقائياً مالم يشعر أي من الطرفين الطرف الآخر بعدم رغبته في التجد قبل شهر على الأقل من نهاية مدة العقد بناء على البيانات السابقة في عناوين الطرفين\n\nحب على الطرف الثاني ابلاغ الطرف الأول بأي ملاحظات عن اداء العمل بموجب إشعار كتابي يرسل على إحدى العناوين السابقة . يكون سداد المبالغ المالية بين الطرفين الأول بالي والتحية للشركة وخلاف ذلك فإن الطرف الأول غير مسؤول عن ذلك تم تحرير هذا العقد من نسختين لكل من الطرفين نسخة، ولكم جزيل الشكر .\n\n\n\n\n\nملاحظه / العمر لا يعتمد الا بالختم',NULL,NULL,'2025-11-24 22:40:06','2025-11-26 01:56:19',NULL,NULL,NULL,NULL,NULL,'zosana333@gmail.com','n','n','دفعة واحدة','n','01103466550','شركة بفت للمقاولات','مؤسسه مفهوم الذوق للتجاره','كل 3 أشهر'),('CN-2025-944','client-1764113339078','فرد',NULL,'نظافة يومية','2025-11-19','2025-11-26','6 ياردة','ccccccccccc','dccccccccccc','ccccccccccc',100.00,1200.00,'ccccccccccc','active','إلكتروني','البند الأول :\n<p class=\"ql-align-right\"><strong style=\"font-size: 20px;\">نموذج عقد\n</strong>\n<strong>١٥ / ١١ / ٢٠٢٥م\n</strong>\nمحصل / على محسن سوق / على محسن\n\nعقد جديد\n\nعقد اتفاق نقل النفايات التجارية\n\nالبند الأولية\n\nرقم العقد (3356)\n\nعنوانها: (حجلة ) إشارة باحص خلف مجموعة الجربوع\n\nالسجل التجاري رقم : ۵۸۵۰۰۱۹۹۸۹ ) جوال / ٠٥٥٢۲۰۰۹۳۱/۰۰۳۷۷۷۱۱۰۹\n\nالطرف الأول: شركة بفت المقاولات هاتف رقم : ۲۲۷٨٦٦٦-۱۷ - تحويلة (۱۰۰\n\nالطرف الثاني: مؤسسه مفهوم الذوق للتجاره\n\nبريد الكتروني : BAFT-EST @HOTMAIL.COM\n\nسجل تجاري رقم (٥٨٥٥٣٧١٢٦٣) الرقم الموحد (٧٠٣٧٩٧٤٥٧٨).\n\nويمثلها في هذا العقد : جابر مفرح على هروبي ) السجل المدني (۱۰۰۳٠٨۲۳۹۹) ، جوال رقم جوال رقم (۰۰۷۸۷٠۱۰۰۷)\n\nالعنوان : احد رفيده / حي الزهور ) رقم الرخصة (-) الرقم الضريبي (-).\n\nوبعد أن أقر الطرفان بأهليتهما الشرعية والنظامية للتعاقد والتصرف اللقا على الآتي:\n1- يقوم الطرف الأول بنقل وترحيل ما ينتجه الطرف الثاني من نقابات بواسطة عماله والياته ومعناته والتخلص منها بترحيلها إلى المرمى العام.\n\nيدفع الطرف الثاني للطرف الأول أجرة هذه الخدمة بداية كل شهر مقدما حسب التاريخ الموضوحيلتزم الطرف الأول بتأمين حاوية مقاس (مشترك) ونقل ما بداخل الحاوية فقط .\n\nيلتزم الطرف الثاني بوضع ما ينتجه من نفايات في أكياس محكمة وربطها جيدا لمنع ترب المواد السائلة البلد الثاني : قيمة العقد\n\nعند وضعها أو نقلها وذلك حفاظا على النظافة العامة وصحة البيئة .\n\nقيمة هذا العقد شهريا قبل الضريبة بمبلغ (۱۰۰) فقط مائة ريال ، بالإضافة الى قيمة الضريبة المضافة (١٥) بمبلغ (٥))\n\nفقط خمسة عشرة ريال بإجمالي شهري مع ضريبة القيمة المضافة (۱۱ۥ) فقط مائة وخمسة عشرة ريال شهري\n\nاحمد\n\nΘ\n\nالبند الثالث : مدة العقد\n\nعلما بأن شركة بقت المقاولات مسجلة في ضريبة القيمة المضافة بالرقم الضريبي (۳۱۲۱۹۷٥۴۲۷۰۰۰۰۳)\n\nهدة هذا العقد (سنة) من تاريخ ۲۰۲۵/۱۱/۰۱م يتجدد تلقائياً مالم يشعر أي من الطرفين الطرف الآخر بعدم رغبته في التجد قبل شهر على الأقل من نهاية مدة العقد بناء على البيانات السابقة في عناوين الطرفين\n\nحب على الطرف الثاني ابلاغ الطرف الأول بأي ملاحظات عن اداء العمل بموجب إشعار كتابي يرسل على إحدى العناوين السابقة . يكون سداد المبالغ المالية بين الطرفين الأول بالي والتحية للشركة وخلاف ذلك فإن الطرف الأول غير مسؤول عن ذلك تم تحرير هذا العقد من نسختين لكل من الطرفين نسخة، ولكم جزيل الشكر .\n\n\n\n\n\nملاحظه / العمر لا يعتمد الا بالختم</p>\n\nالبند الثاني :\nنموذج عقد\n\n١٥ / ١١ / ٢٠٢٥م\n\nمحصل / على محسن سوق / على محسن\n\nعقد جديد\n\nعقد اتفاق نقل النفايات التجارية\n\nالبند الأولية\n\nرقم العقد (3356)\n\nعنوانها: (حجلة ) إشارة باحص خلف مجموعة الجربوع\n\nالسجل التجاري رقم : ۵۸۵۰۰۱۹۹۸۹ ) جوال / ٠٥٥٢۲۰۰۹۳۱/۰۰۳۷۷۷۱۱۰۹\n\nالطرف الأول: شركة بفت المقاولات هاتف رقم : ۲۲۷٨٦٦٦-۱۷ - تحويلة (۱۰۰\n\nالطرف الثاني: مؤسسه مفهوم الذوق للتجاره\n\nبريد الكتروني : BAFT-EST @HOTMAIL.COM\n\nسجل تجاري رقم (٥٨٥٥٣٧١٢٦٣) الرقم الموحد (٧٠٣٧٩٧٤٥٧٨).\n\nويمثلها في هذا العقد : جابر مفرح على هروبي ) السجل المدني (۱۰۰۳٠٨۲۳۹۹) ، جوال رقم جوال رقم (۰۰۷۸۷٠۱۰۰۷)\n\nالعنوان : احد رفيده / حي الزهور ) رقم الرخصة (-) الرقم الضريبي (-).\n\nوبعد أن أقر الطرفان بأهليتهما الشرعية والنظامية للتعاقد والتصرف اللقا على الآتي:\n1- يقوم الطرف الأول بنقل وترحيل ما ينتجه الطرف الثاني من نقابات بواسطة عماله والياته ومعناته والتخلص منها بترحيلها إلى المرمى العام.\n\nيدفع الطرف الثاني للطرف الأول أجرة هذه الخدمة بداية كل شهر مقدما حسب التاريخ الموضوحيلتزم الطرف الأول بتأمين حاوية مقاس (مشترك) ونقل ما بداخل الحاوية فقط .\n\nيلتزم الطرف الثاني بوضع ما ينتجه من نفايات في أكياس محكمة وربطها جيدا لمنع ترب المواد السائلة البلد الثاني : قيمة العقد\n\nعند وضعها أو نقلها وذلك حفاظا على النظافة العامة وصحة البيئة .\n\nقيمة هذا العقد شهريا قبل الضريبة بمبلغ (۱۰۰) فقط مائة ريال ، بالإضافة الى قيمة الضريبة المضافة (١٥) بمبلغ (٥))\n\nفقط خمسة عشرة ريال بإجمالي شهري مع ضريبة القيمة المضافة (۱۱ۥ) فقط مائة وخمسة عشرة ريال شهري\n\nاحمد\n\nΘ\n\nالبند الثالث : مدة العقد\n\nعلما بأن شركة بقت المقاولات مسجلة في ضريبة القيمة المضافة بالرقم الضريبي (۳۱۲۱۹۷٥۴۲۷۰۰۰۰۳)\n\nهدة هذا العقد (سنة) من تاريخ ۲۰۲۵/۱۱/۰۱م يتجدد تلقائياً مالم يشعر أي من الطرفين الطرف الآخر بعدم رغبته في التجد قبل شهر على الأقل من نهاية مدة العقد بناء على البيانات السابقة في عناوين الطرفين\n\nحب على الطرف الثاني ابلاغ الطرف الأول بأي ملاحظات عن اداء العمل بموجب إشعار كتابي يرسل على إحدى العناوين السابقة . يكون سداد المبالغ المالية بين الطرفين الأول بالي والتحية للشركة وخلاف ذلك فإن الطرف الأول غير مسؤول عن ذلك تم تحرير هذا العقد من نسختين لكل من الطرفين نسخة، ولكم جزيل الشكر .\n\n\n\n\n\nملاحظه / العمر لا يعتمد الا بالختم',NULL,NULL,'2025-11-25 23:28:59','2025-11-27 01:51:52',NULL,NULL,NULL,NULL,NULL,'ccccccccccc','ccccccccccc','ccccccccccc','دفعة واحدة','d','ccccccccccc','شركة بفت للمقاولات','ccccccccccc','كل 3 أشهر'),('CN-2025-945','client-1764294417717','فرد',NULL,'نقل نفايات','2025-11-27','2026-03-19','1 ياردة','18.208539,42.510910','18.208539,42.510910','أبها',100.00,1200.00,'زين العابدين','active','إلكتروني','البند الأول :\n<p class=\"ql-align-right\"><strong style=\"font-size: 20px;\">نموذج عقد\n</strong>\n<strong>١٥ / ١١ / ٢٠٢٥م\n</strong>\nمحصل / على محسن سوق / على محسن\n\nعقد جديد\n\nعقد اتفاق نقل النفايات التجارية\n\nالبند الأولية\n\nرقم العقد (3356)\n\nعنوانها: (حجلة ) إشارة باحص خلف مجموعة الجربوع\n\nالسجل التجاري رقم : ۵۸۵۰۰۱۹۹۸۹ ) جوال / ٠٥٥٢۲۰۰۹۳۱/۰۰۳۷۷۷۱۱۰۹\n\nالطرف الأول: شركة بفت المقاولات هاتف رقم : ۲۲۷٨٦٦٦-۱۷ - تحويلة (۱۰۰\n\nالطرف الثاني: مؤسسه مفهوم الذوق للتجاره\n\nبريد الكتروني : BAFT-EST @HOTMAIL.COM\n\nسجل تجاري رقم (٥٨٥٥٣٧١٢٦٣) الرقم الموحد (٧٠٣٧٩٧٤٥٧٨).\n\nويمثلها في هذا العقد : جابر مفرح على هروبي ) السجل المدني (۱۰۰۳٠٨۲۳۹۹) ، جوال رقم جوال رقم (۰۰۷۸۷٠۱۰۰۷)\n\nالعنوان : احد رفيده / حي الزهور ) رقم الرخصة (-) الرقم الضريبي (-).\n\nوبعد أن أقر الطرفان بأهليتهما الشرعية والنظامية للتعاقد والتصرف اللقا على الآتي:\n1- يقوم الطرف الأول بنقل وترحيل ما ينتجه الطرف الثاني من نقابات بواسطة عماله والياته ومعناته والتخلص منها بترحيلها إلى المرمى العام.\n\nيدفع الطرف الثاني للطرف الأول أجرة هذه الخدمة بداية كل شهر مقدما حسب التاريخ الموضوحيلتزم الطرف الأول بتأمين حاوية مقاس (مشترك) ونقل ما بداخل الحاوية فقط .\n\nيلتزم الطرف الثاني بوضع ما ينتجه من نفايات في أكياس محكمة وربطها جيدا لمنع ترب المواد السائلة البلد الثاني : قيمة العقد\n\nعند وضعها أو نقلها وذلك حفاظا على النظافة العامة وصحة البيئة .\n\nقيمة هذا العقد شهريا قبل الضريبة بمبلغ (۱۰۰) فقط مائة ريال ، بالإضافة الى قيمة الضريبة المضافة (١٥) بمبلغ (٥))\n\nفقط خمسة عشرة ريال بإجمالي شهري مع ضريبة القيمة المضافة (۱۱ۥ) فقط مائة وخمسة عشرة ريال شهري\n\nالبند الثالث : مدة العقد\n\nعلما بأن شركة بقت المقاولات مسجلة في ضريبة القيمة المضافة بالرقم الضريبي (۳۱۲۱۹۷٥۴۲۷۰۰۰۰۳)\n\nهدة هذا العقد (سنة) من تاريخ ۲۰۲۵/۱۱/۰۱م يتجدد تلقائياً مالم يشعر أي من الطرفين الطرف الآخر بعدم رغبته في التجد قبل شهر على الأقل من نهاية مدة العقد بناء على البيانات السابقة في عناوين الطرفين\n\nحب على الطرف الثاني ابلاغ الطرف الأول بأي ملاحظات عن اداء العمل بموجب إشعار كتابي يرسل على إحدى العناوين السابقة . يكون سداد المبالغ المالية بين الطرفين الأول بالي والتحية للشركة وخلاف ذلك فإن الطرف الأول غير مسؤول عن ذلك تم تحرير هذا العقد من نسختين لكل من الطرفين نسخة، ولكم جزيل الشكر .\n</p><p class=\"ql-align-right\">\n\nملاحظه / العمر لا يعتمد الا بالختم</p>',NULL,NULL,'2025-11-28 01:46:57','2025-11-28 02:56:47',NULL,NULL,NULL,NULL,NULL,'zosana333@gmail.com','أبها','الذرة','6 أشهر','مصعب','01103466550','شركة بفت للمقاولات','متجر الحناوي','دفعة واحدة'),('CN-2025-946','client-1764359829412','فرد',NULL,'نقل نفايات','2025-11-26','2025-12-03','6 ياردة','18.208576,42.510061','18.208575876338855, 42.51006137264824','أبها',100.00,1200.00,'محمد الفاضل','active','إلكتروني','البند الثاني :\n<p><strong>نموذج عقد\n</strong>\n١٥ / ١١ / ٢٠٢٥م\n\nمحصل / على محسن سوق / على محسن\n\nعقد جديد\n\nعقد اتفاق نقل النفايات التجارية\n\nالبند الأولية\n\nرقم العقد (3356)\n\nعنوانها: (حجلة ) إشارة باحص خلف مجموعة الجربوع\n\nالسجل التجاري رقم : 5850019989) جوال / ٠٥٥٢۲۰۰۹۳۱/۰۰۳۷۷۷۱۱۰۹\n\nالطرف الأول: شركة بفت المقاولات هاتف رقم : ۲۲۷٨٦٦٦-۱۷ - تحويلة (۱۰۰\n\nالطرف الثاني: مؤسسه مفهوم الذوق للتجاره\n\nبريد الكتروني : BAFT-EST @HOTMAIL.COM\n\nسجل تجاري رقم (٥٨٥٥٣٧١٢٦٣) الرقم الموحد (٧٠٣٧٩٧٤٥٧٨).\n\nويمثلها في هذا العقد : جابر مفرح على هروبي ) السجل المدني (۱۰۰۳٠٨۲۳۹۹) ، جوال رقم جوال رقم (۰۰۷۸۷٠۱۰۰۷)\n\nالعنوان : احد رفيده / حي الزهور ) رقم الرخصة (-) الرقم الضريبي (-).\n\nوبعد أن أقر الطرفان بأهليتهما الشرعية والنظامية للتعاقد والتصرف اللقا على الآتي:\n1- يقوم الطرف الأول بنقل وترحيل ما ينتجه الطرف الثاني من نقابات بواسطة عماله والياته ومعناته والتخلص منها بترحيلها إلى المرمى العام.\n\nيدفع الطرف الثاني للطرف الأول أجرة هذه الخدمة بداية كل شهر مقدما حسب التاريخ الموضوحيلتزم الطرف الأول بتأمين حاوية مقاس (مشترك) ونقل ما بداخل الحاوية فقط .\n\nيلتزم الطرف الثاني بوضع ما ينتجه من نفايات في أكياس محكمة وربطها جيدا لمنع ترب المواد السائلة البلد الثاني : قيمة العقد\n\nعند وضعها أو نقلها وذلك حفاظا على النظافة العامة وصحة البيئة .\n\nقيمة هذا العقد شهريا قبل الضريبة بمبلغ (۱۰۰) فقط مائة ريال ، بالإضافة الى قيمة الضريبة المضافة (١٥) بمبلغ (٥))\n\nفقط خمسة عشرة ريال بإجمالي شهري مع ضريبة القيمة المضافة (۱۱ۥ) فقط مائة وخمسة عشرة ريال شهري\n\nاحمد\n\nΘ\n\nالبند الثالث : مدة العقد\n\nعلما بأن شركة بقت المقاولات مسجلة في ضريبة القيمة المضافة بالرقم الضريبي (۳۱۲۱۹۷٥۴۲۷۰۰۰۰۳)\n\nهدة هذا العقد (سنة) من تاريخ ۲۰۲۵/۱۱/۰۱م يتجدد تلقائياً مالم يشعر أي من الطرفين الطرف الآخر بعدم رغبته في التجد قبل شهر على الأقل من نهاية مدة العقد بناء على البيانات السابقة في عناوين الطرفين\n\nحب على الطرف الثاني ابلاغ الطرف الأول بأي ملاحظات عن اداء العمل بموجب إشعار كتابي يرسل على إحدى العناوين السابقة . يكون سداد المبالغ المالية بين الطرفين الأول بالي والتحية للشركة وخلاف ذلك فإن الطرف الأول غير مسؤول عن ذلك تم تحرير هذا العقد من نسختين لكل من الطرفين نسخة، ولكم جزيل الشكر .\n\n\n\n\n\nملاحظه / العمر لا يعتمد الا بالختم</p>',NULL,NULL,'2025-11-28 19:57:09','2025-11-28 20:34:09',NULL,NULL,NULL,NULL,NULL,'zosana333@gmail.com','أبها','الذرة','سنوي','مصعب','0500718859','شركة بفت للمقاولات','برج أبها','سنوية'),('CN-2025-947','client-1764365482605','فرد',NULL,'نقل نفايات','2025-11-24','2026-11-05','6 ياردة','18.208539,42.510910','18.208539,42.510910','أبها',100.00,1200.00,'زين العابدين','active','إلكتروني','البند الثاني :\n<p><strong>نموذج عقد\n</strong>\n١٥ / ١١ / ٢٠٢٥م\n\nمحصل / على محسن سوق / على محسن\n\nعقد جديد\n\nعقد اتفاق نقل النفايات التجارية\n\nالبند الأولية\n\nرقم العقد (3356)\n\nعنوانها: (حجلة ) إشارة باحص خلف مجموعة الجربوع\n\nالسجل التجاري رقم : 5850019989) جوال / ٠٥٥٢۲۰۰۹۳۱/۰۰۳۷۷۷۱۱۰۹\n\nالطرف الأول: شركة بفت المقاولات هاتف رقم : ۲۲۷٨٦٦٦-۱۷ - تحويلة (۱۰۰\n\nالطرف الثاني: مؤسسه مفهوم الذوق للتجاره\n\nبريد الكتروني : BAFT-EST @HOTMAIL.COM\n\nسجل تجاري رقم (٥٨٥٥٣٧١٢٦٣) الرقم الموحد (٧٠٣٧٩٧٤٥٧٨).\n\nويمثلها في هذا العقد : جابر مفرح على هروبي ) السجل المدني (۱۰۰۳٠٨۲۳۹۹) ، جوال رقم جوال رقم (۰۰۷۸۷٠۱۰۰۷)\n\nالعنوان : احد رفيده / حي الزهور ) رقم الرخصة (-) الرقم الضريبي (-).\n\nوبعد أن أقر الطرفان بأهليتهما الشرعية والنظامية للتعاقد والتصرف اللقا على الآتي:\n1- يقوم الطرف الأول بنقل وترحيل ما ينتجه الطرف الثاني من نقابات بواسطة عماله والياته ومعناته والتخلص منها بترحيلها إلى المرمى العام.\n\nيدفع الطرف الثاني للطرف الأول أجرة هذه الخدمة بداية كل شهر مقدما حسب التاريخ الموضوحيلتزم الطرف الأول بتأمين حاوية مقاس (مشترك) ونقل ما بداخل الحاوية فقط .\n\nيلتزم الطرف الثاني بوضع ما ينتجه من نفايات في أكياس محكمة وربطها جيدا لمنع ترب المواد السائلة البلد الثاني : قيمة العقد\n\nعند وضعها أو نقلها وذلك حفاظا على النظافة العامة وصحة البيئة .\n\nقيمة هذا العقد شهريا قبل الضريبة بمبلغ (۱۰۰) فقط مائة ريال ، بالإضافة الى قيمة الضريبة المضافة (١٥) بمبلغ (٥))\n\nفقط خمسة عشرة ريال بإجمالي شهري مع ضريبة القيمة المضافة (۱۱ۥ) فقط مائة وخمسة عشرة ريال شهري\n\nاحمد\n\nΘ\n\nالبند الثالث : مدة العقد\n\nعلما بأن شركة بقت المقاولات مسجلة في ضريبة القيمة المضافة بالرقم الضريبي (۳۱۲۱۹۷٥۴۲۷۰۰۰۰۳)\n\nهدة هذا العقد (سنة) من تاريخ ۲۰۲۵/۱۱/۰۱م يتجدد تلقائياً مالم يشعر أي من الطرفين الطرف الآخر بعدم رغبته في التجد قبل شهر على الأقل من نهاية مدة العقد بناء على البيانات السابقة في عناوين الطرفين\n\nحب على الطرف الثاني ابلاغ الطرف الأول بأي ملاحظات عن اداء العمل بموجب إشعار كتابي يرسل على إحدى العناوين السابقة . يكون سداد المبالغ المالية بين الطرفين الأول بالي والتحية للشركة وخلاف ذلك فإن الطرف الأول غير مسؤول عن ذلك تم تحرير هذا العقد من نسختين لكل من الطرفين نسخة، ولكم جزيل الشكر .\n\n\n\n\n\nملاحظه / العمر لا يعتمد الا بالختم</p>',NULL,NULL,'2025-11-28 21:31:22','2025-11-29 04:39:39',NULL,NULL,NULL,NULL,NULL,'zosana333@gmail.com','أبها','الذرة','سنوي','عاطف','0117693634','شركة بفت للمقاولات','مستشفى المغربي','سنوية'),('CN-2025-948','client-1764391674912','فرد',NULL,'نظافة يومية','2025-11-29','2026-01-09','برميل','18.208524,42.510948','18.208524127982198, 42.51094793698223','أبها',100.00,1200.00,'عاطف','active','إلكتروني','البند الأول :\n<p class=\"ql-align-right\"><strong style=\"font-size: 20px;\">نموذج عقد\n</strong>\n<strong>١٥ / ١١ / ٢٠٢٥م\n</strong>\nمحصل / على محسن سوق / على محسن\n\nعقد جديد\n\nعقد اتفاق نقل النفايات التجارية\n\nالبند الأولية\n\nرقم العقد (3356)\n\nعنوانها: (حجلة ) إشارة باحص خلف مجموعة الجربوع\n\nالسجل التجاري رقم : ۵۸۵۰۰۱۹۹۸۹ ) جوال / ٠٥٥٢۲۰۰۹۳۱/۰۰۳۷۷۷۱۱۰۹\n\nالطرف الأول: شركة بفت المقاولات هاتف رقم : ۲۲۷٨٦٦٦-۱۷ - تحويلة (۱۰۰\n\nالطرف الثاني: مؤسسه مفهوم الذوق للتجاره\n\nبريد الكتروني : BAFT-EST @HOTMAIL.COM\n\nسجل تجاري رقم (٥٨٥٥٣٧١٢٦٣) الرقم الموحد (٧٠٣٧٩٧٤٥٧٨).\n\nويمثلها في هذا العقد : جابر مفرح على هروبي ) السجل المدني (۱۰۰۳٠٨۲۳۹۹) ، جوال رقم جوال رقم (۰۰۷۸۷٠۱۰۰۷)\n\nالعنوان : احد رفيده / حي الزهور ) رقم الرخصة (-) الرقم الضريبي (-).\n\nوبعد أن أقر الطرفان بأهليتهما الشرعية والنظامية للتعاقد والتصرف اللقا على الآتي:\n1- يقوم الطرف الأول بنقل وترحيل ما ينتجه الطرف الثاني من نقابات بواسطة عماله والياته ومعناته والتخلص منها بترحيلها إلى المرمى العام.\n\nيدفع الطرف الثاني للطرف الأول أجرة هذه الخدمة بداية كل شهر مقدما حسب التاريخ الموضوحيلتزم الطرف الأول بتأمين حاوية مقاس (مشترك) ونقل ما بداخل الحاوية فقط .\n\nيلتزم الطرف الثاني بوضع ما ينتجه من نفايات في أكياس محكمة وربطها جيدا لمنع ترب المواد السائلة البلد الثاني : قيمة العقد\n\nعند وضعها أو نقلها وذلك حفاظا على النظافة العامة وصحة البيئة .\n\nقيمة هذا العقد شهريا قبل الضريبة بمبلغ (۱۰۰) فقط مائة ريال ، بالإضافة الى قيمة الضريبة المضافة (١٥) بمبلغ (٥))\n\nفقط خمسة عشرة ريال بإجمالي شهري مع ضريبة القيمة المضافة (۱۱ۥ) فقط مائة وخمسة عشرة ريال شهري\n\nالبند الثالث : مدة العقد\n\nعلما بأن شركة بقت المقاولات مسجلة في ضريبة القيمة المضافة بالرقم الضريبي (۳۱۲۱۹۷٥۴۲۷۰۰۰۰۳)\n\nهدة هذا العقد (سنة) من تاريخ ۲۰۲۵/۱۱/۰۱م يتجدد تلقائياً مالم يشعر أي من الطرفين الطرف الآخر بعدم رغبته في التجد قبل شهر على الأقل من نهاية مدة العقد بناء على البيانات السابقة في عناوين الطرفين\n\nحب على الطرف الثاني ابلاغ الطرف الأول بأي ملاحظات عن اداء العمل بموجب إشعار كتابي يرسل على إحدى العناوين السابقة . يكون سداد المبالغ المالية بين الطرفين الأول بالي والتحية للشركة وخلاف ذلك فإن الطرف الأول غير مسؤول عن ذلك تم تحرير هذا العقد من نسختين لكل من الطرفين نسخة، ولكم جزيل الشكر .\n</p><p class=\"ql-align-right\">\n\nملاحظه / العمر لا يعتمد الا بالختم</p>',NULL,NULL,'2025-11-29 04:47:54','2025-11-29 04:49:38',NULL,NULL,NULL,NULL,NULL,'zosana333@gmail.com','أبها','الذرة','3 أشهر','مصعب','01103466550','شركة بفت للمقاولات','مطاعم المضياف الراقي','كل 3 أشهر'),('CN-2025-949','client-1764409460824','فرد',NULL,'نظافة يومية','2025-11-29','2026-11-29','6 ياردة',NULL,'18.200425,42.498510','أبها',100.00,1200.00,'مصعب','active','إلكتروني','البند الأول :\n<p class=\"ql-align-right\"><strong style=\"font-size: 20px;\">نموذج عقد\n</strong>\n<strong>١٥ / ١١ / ٢٠٢٥م\n</strong>\nمحصل / على محسن سوق / على محسن\n\nعقد جديد\n\nعقد اتفاق نقل النفايات التجارية\n\nالبند الأولية\n\nرقم العقد (3356)\n\nعنوانها: (حجلة ) إشارة باحص خلف مجموعة الجربوع\n\nالسجل التجاري رقم : ۵۸۵۰۰۱۹۹۸۹ ) جوال / ٠٥٥٢۲۰۰۹۳۱/۰۰۳۷۷۷۱۱۰۹\n\nالطرف الأول: شركة بفت المقاولات هاتف رقم : ۲۲۷٨٦٦٦-۱۷ - تحويلة (۱۰۰\n\nالطرف الثاني: مؤسسه مفهوم الذوق للتجاره\n\nبريد الكتروني : BAFT-EST @HOTMAIL.COM\n\nسجل تجاري رقم (٥٨٥٥٣٧١٢٦٣) الرقم الموحد (٧٠٣٧٩٧٤٥٧٨).\n\nويمثلها في هذا العقد : جابر مفرح على هروبي ) السجل المدني (۱۰۰۳٠٨۲۳۹۹) ، جوال رقم جوال رقم (۰۰۷۸۷٠۱۰۰۷)\n\nالعنوان : احد رفيده / حي الزهور ) رقم الرخصة (-) الرقم الضريبي (-).\n\nوبعد أن أقر الطرفان بأهليتهما الشرعية والنظامية للتعاقد والتصرف اللقا على الآتي:\n1- يقوم الطرف الأول بنقل وترحيل ما ينتجه الطرف الثاني من نقابات بواسطة عماله والياته ومعناته والتخلص منها بترحيلها إلى المرمى العام.\n\nيدفع الطرف الثاني للطرف الأول أجرة هذه الخدمة بداية كل شهر مقدما حسب التاريخ الموضوحيلتزم الطرف الأول بتأمين حاوية مقاس (مشترك) ونقل ما بداخل الحاوية فقط .\n\nيلتزم الطرف الثاني بوضع ما ينتجه من نفايات في أكياس محكمة وربطها جيدا لمنع ترب المواد السائلة البلد الثاني : قيمة العقد\n\nعند وضعها أو نقلها وذلك حفاظا على النظافة العامة وصحة البيئة .\n\nقيمة هذا العقد شهريا قبل الضريبة بمبلغ (۱۰۰) فقط مائة ريال ، بالإضافة الى قيمة الضريبة المضافة (١٥) بمبلغ (٥))\n\nفقط خمسة عشرة ريال بإجمالي شهري مع ضريبة القيمة المضافة (۱۱ۥ) فقط مائة وخمسة عشرة ريال شهري\n\nالبند الثالث : مدة العقد\n\nعلما بأن شركة بقت المقاولات مسجلة في ضريبة القيمة المضافة بالرقم الضريبي (۳۱۲۱۹۷٥۴۲۷۰۰۰۰۳)\n\nهدة هذا العقد (سنة) من تاريخ ۲۰۲۵/۱۱/۰۱م يتجدد تلقائياً مالم يشعر أي من الطرفين الطرف الآخر بعدم رغبته في التجد قبل شهر على الأقل من نهاية مدة العقد بناء على البيانات السابقة في عناوين الطرفين\n\nحب على الطرف الثاني ابلاغ الطرف الأول بأي ملاحظات عن اداء العمل بموجب إشعار كتابي يرسل على إحدى العناوين السابقة . يكون سداد المبالغ المالية بين الطرفين الأول بالي والتحية للشركة وخلاف ذلك فإن الطرف الأول غير مسؤول عن ذلك تم تحرير هذا العقد من نسختين لكل من الطرفين نسخة، ولكم جزيل الشكر .\n</p><p class=\"ql-align-right\">\n\nملاحظه / العمر لا يعتمد الا بالختم</p>',NULL,NULL,'2025-11-29 09:44:20','2025-11-29 09:48:09',NULL,NULL,NULL,NULL,NULL,'zosana333@gmail.com','أبها','الذرة','سنوي','محمد','1271871373','شركة بفت للمقاولات','بفت','سنوية'),('CN-2025-950','client-1764540683324','فرد',NULL,'نظافة يومية','2025-12-01','2025-12-19','برميل',NULL,NULL,NULL,100.00,1200.00,'عاطف','active','إلكتروني','البند الأول :\n<p class=\"ql-align-right\"><strong style=\"font-size: 20px;\">نموذج عقد\n</strong>\n<strong>١٥ / ١١ / ٢٠٢٥م\n</strong>\nمحصل / على محسن سوق / على محسن\n\nعقد جديد\n\nعقد اتفاق نقل النفايات التجارية\n\nالبند الأولية\n\nرقم العقد (3356)\n\nعنوانها: (حجلة ) إشارة باحص خلف مجموعة الجربوع\n\nالسجل التجاري رقم : ۵۸۵۰۰۱۹۹۸۹ ) جوال / ٠٥٥٢۲۰۰۹۳۱/۰۰۳۷۷۷۱۱۰۹\n\nالطرف الأول: شركة بفت المقاولات هاتف رقم : ۲۲۷٨٦٦٦-۱۷ - تحويلة (۱۰۰\n\nالطرف الثاني: مؤسسه مفهوم الذوق للتجاره\n\nبريد الكتروني : BAFT-EST @HOTMAIL.COM\n\nسجل تجاري رقم (٥٨٥٥٣٧١٢٦٣) الرقم الموحد (٧٠٣٧٩٧٤٥٧٨).\n\nويمثلها في هذا العقد : جابر مفرح على هروبي ) السجل المدني (۱۰۰۳٠٨۲۳۹۹) ، جوال رقم جوال رقم (۰۰۷۸۷٠۱۰۰۷)\n\nالعنوان : احد رفيده / حي الزهور ) رقم الرخصة (-) الرقم الضريبي (-).\n\nوبعد أن أقر الطرفان بأهليتهما الشرعية والنظامية للتعاقد والتصرف اللقا على الآتي:\n1- يقوم الطرف الأول بنقل وترحيل ما ينتجه الطرف الثاني من نقابات بواسطة عماله والياته ومعناته والتخلص منها بترحيلها إلى المرمى العام.\n\nيدفع الطرف الثاني للطرف الأول أجرة هذه الخدمة بداية كل شهر مقدما حسب التاريخ الموضوحيلتزم الطرف الأول بتأمين حاوية مقاس (مشترك) ونقل ما بداخل الحاوية فقط .\n\nيلتزم الطرف الثاني بوضع ما ينتجه من نفايات في أكياس محكمة وربطها جيدا لمنع ترب المواد السائلة البلد الثاني : قيمة العقد\n\nعند وضعها أو نقلها وذلك حفاظا على النظافة العامة وصحة البيئة .\n\nقيمة هذا العقد شهريا قبل الضريبة بمبلغ (۱۰۰) فقط مائة ريال ، بالإضافة الى قيمة الضريبة المضافة (١٥) بمبلغ (٥))\n\nفقط خمسة عشرة ريال بإجمالي شهري مع ضريبة القيمة المضافة (۱۱ۥ) فقط مائة وخمسة عشرة ريال شهري\n\nالبند الثالث : مدة العقد\n\nعلما بأن شركة بقت المقاولات مسجلة في ضريبة القيمة المضافة بالرقم الضريبي (۳۱۲۱۹۷٥۴۲۷۰۰۰۰۳)\n\nهدة هذا العقد (سنة) من تاريخ ۲۰۲۵/۱۱/۰۱م يتجدد تلقائياً مالم يشعر أي من الطرفين الطرف الآخر بعدم رغبته في التجد قبل شهر على الأقل من نهاية مدة العقد بناء على البيانات السابقة في عناوين الطرفين\n\nحب على الطرف الثاني ابلاغ الطرف الأول بأي ملاحظات عن اداء العمل بموجب إشعار كتابي يرسل على إحدى العناوين السابقة . يكون سداد المبالغ المالية بين الطرفين الأول بالي والتحية للشركة وخلاف ذلك فإن الطرف الأول غير مسؤول عن ذلك تم تحرير هذا العقد من نسختين لكل من الطرفين نسخة، ولكم جزيل الشكر .\n</p><p class=\"ql-align-right\">\n\nملاحظه / العمر لا يعتمد الا بالختم</p>',NULL,NULL,'2025-11-30 22:11:23','2025-11-30 22:12:53',NULL,NULL,NULL,NULL,NULL,'zosana333@gmail.com','مثلا','مثلا','سنوي','مصعب','01103466550','شركة بفت للمقاولات','مثلا','سنوية');
/*!40000 ALTER TABLE `contracts` ENABLE KEYS */;
UNLOCK TABLES;

--
-- Table structure for table `services`
--

DROP TABLE IF EXISTS `services`;
/*!40101 SET @saved_cs_client     = @@character_set_client */;
/*!50503 SET character_set_client = utf8mb4 */;
CREATE TABLE `services` (
  `id` int NOT NULL AUTO_INCREMENT,
  `name` varchar(200) NOT NULL,
  `description` text,
  `created_at` timestamp NULL DEFAULT CURRENT_TIMESTAMP,
  PRIMARY KEY (`id`)
) ENGINE=InnoDB DEFAULT CHARSET=utf8mb4 COLLATE=utf8mb4_0900_ai_ci;
/*!40101 SET character_set_client = @saved_cs_client */;

--
-- Dumping data for table `services`
--

LOCK TABLES `services` WRITE;
/*!40000 ALTER TABLE `services` DISABLE KEYS */;
/*!40000 ALTER TABLE `services` ENABLE KEYS */;
UNLOCK TABLES;

--
-- Table structure for table `terms`
--

DROP TABLE IF EXISTS `terms`;
/*!40101 SET @saved_cs_client     = @@character_set_client */;
/*!50503 SET character_set_client = utf8mb4 */;
CREATE TABLE `terms` (
  `id` int NOT NULL AUTO_INCREMENT,
  `name` varchar(255) COLLATE utf8mb4_unicode_ci NOT NULL,
  `type` varchar(50) COLLATE utf8mb4_unicode_ci DEFAULT 'text',
  `content` text COLLATE utf8mb4_unicode_ci,
  `created_at` timestamp NULL DEFAULT CURRENT_TIMESTAMP,
  `updated_at` timestamp NULL DEFAULT CURRENT_TIMESTAMP ON UPDATE CURRENT_TIMESTAMP,
  PRIMARY KEY (`id`)
) ENGINE=InnoDB AUTO_INCREMENT=6 DEFAULT CHARSET=utf8mb4 COLLATE=utf8mb4_unicode_ci;
/*!40101 SET character_set_client = @saved_cs_client */;

--
-- Dumping data for table `terms`
--

LOCK TABLES `terms` WRITE;
/*!40000 ALTER TABLE `terms` DISABLE KEYS */;
INSERT INTO `terms` VALUES (1,'البند الثاني :','text','<p><strong>نموذج عقد\n</strong>\n١٥ / ١١ / ٢٠٢٥م\n\nمحصل / على محسن سوق / على محسن\n\nعقد جديد\n\nعقد اتفاق نقل النفايات التجارية\n\nالبند الأولية\n\nرقم العقد (3356)\n\nعنوانها: (حجلة ) إشارة باحص خلف مجموعة الجربوع\n\nالسجل التجاري رقم : 5850019989) جوال / ٠٥٥٢۲۰۰۹۳۱/۰۰۳۷۷۷۱۱۰۹\n\nالطرف الأول: شركة بفت المقاولات هاتف رقم : ۲۲۷٨٦٦٦-۱۷ - تحويلة (۱۰۰\n\nالطرف الثاني: مؤسسه مفهوم الذوق للتجاره\n\nبريد الكتروني : BAFT-EST @HOTMAIL.COM\n\nسجل تجاري رقم (٥٨٥٥٣٧١٢٦٣) الرقم الموحد (٧٠٣٧٩٧٤٥٧٨).\n\nويمثلها في هذا العقد : جابر مفرح على هروبي ) السجل المدني (۱۰۰۳٠٨۲۳۹۹) ، جوال رقم جوال رقم (۰۰۷۸۷٠۱۰۰۷)\n\nالعنوان : احد رفيده / حي الزهور ) رقم الرخصة (-) الرقم الضريبي (-).\n\nوبعد أن أقر الطرفان بأهليتهما الشرعية والنظامية للتعاقد والتصرف اللقا على الآتي:\n1- يقوم الطرف الأول بنقل وترحيل ما ينتجه الطرف الثاني من نقابات بواسطة عماله والياته ومعناته والتخلص منها بترحيلها إلى المرمى العام.\n\nيدفع الطرف الثاني للطرف الأول أجرة هذه الخدمة بداية كل شهر مقدما حسب التاريخ الموضوحيلتزم الطرف الأول بتأمين حاوية مقاس (مشترك) ونقل ما بداخل الحاوية فقط .\n\nيلتزم الطرف الثاني بوضع ما ينتجه من نفايات في أكياس محكمة وربطها جيدا لمنع ترب المواد السائلة البلد الثاني : قيمة العقد\n\nعند وضعها أو نقلها وذلك حفاظا على النظافة العامة وصحة البيئة .\n\nقيمة هذا العقد شهريا قبل الضريبة بمبلغ (۱۰۰) فقط مائة ريال ، بالإضافة الى قيمة الضريبة المضافة (١٥) بمبلغ (٥))\n\nفقط خمسة عشرة ريال بإجمالي شهري مع ضريبة القيمة المضافة (۱۱ۥ) فقط مائة وخمسة عشرة ريال شهري\n\nاحمد\n\nΘ\n\nالبند الثالث : مدة العقد\n\nعلما بأن شركة بقت المقاولات مسجلة في ضريبة القيمة المضافة بالرقم الضريبي (۳۱۲۱۹۷٥۴۲۷۰۰۰۰۳)\n\nهدة هذا العقد (سنة) من تاريخ ۲۰۲۵/۱۱/۰۱م يتجدد تلقائياً مالم يشعر أي من الطرفين الطرف الآخر بعدم رغبته في التجد قبل شهر على الأقل من نهاية مدة العقد بناء على البيانات السابقة في عناوين الطرفين\n\nحب على الطرف الثاني ابلاغ الطرف الأول بأي ملاحظات عن اداء العمل بموجب إشعار كتابي يرسل على إحدى العناوين السابقة . يكون سداد المبالغ المالية بين الطرفين الأول بالي والتحية للشركة وخلاف ذلك فإن الطرف الأول غير مسؤول عن ذلك تم تحرير هذا العقد من نسختين لكل من الطرفين نسخة، ولكم جزيل الشكر .\n\n\n\n\n\nملاحظه / العمر لا يعتمد الا بالختم</p>','2025-11-24 23:38:41','2025-11-28 20:34:00'),(5,'البند الأول :','text','<p class=\"ql-align-right\"><strong style=\"font-size: 20px;\">نموذج عقد\n</strong>\n<strong>١٥ / ١١ / ٢٠٢٥م\n</strong>\nمحصل / على محسن سوق / على محسن\n\nعقد جديد\n\nعقد اتفاق نقل النفايات التجارية\n\nالبند الأولية\n\nرقم العقد (3356)\n\nعنوانها: (حجلة ) إشارة باحص خلف مجموعة الجربوع\n\nالسجل التجاري رقم : ۵۸۵۰۰۱۹۹۸۹ ) جوال / ٠٥٥٢۲۰۰۹۳۱/۰۰۳۷۷۷۱۱۰۹\n\nالطرف الأول: شركة بفت المقاولات هاتف رقم : ۲۲۷٨٦٦٦-۱۷ - تحويلة (۱۰۰\n\nالطرف الثاني: مؤسسه مفهوم الذوق للتجاره\n\nبريد الكتروني : BAFT-EST @HOTMAIL.COM\n\nسجل تجاري رقم (٥٨٥٥٣٧١٢٦٣) الرقم الموحد (٧٠٣٧٩٧٤٥٧٨).\n\nويمثلها في هذا العقد : جابر مفرح على هروبي ) السجل المدني (۱۰۰۳٠٨۲۳۹۹) ، جوال رقم جوال رقم (۰۰۷۸۷٠۱۰۰۷)\n\nالعنوان : احد رفيده / حي الزهور ) رقم الرخصة (-) الرقم الضريبي (-).\n\nوبعد أن أقر الطرفان بأهليتهما الشرعية والنظامية للتعاقد والتصرف اللقا على الآتي:\n1- يقوم الطرف الأول بنقل وترحيل ما ينتجه الطرف الثاني من نقابات بواسطة عماله والياته ومعناته والتخلص منها بترحيلها إلى المرمى العام.\n\nيدفع الطرف الثاني للطرف الأول أجرة هذه الخدمة بداية كل شهر مقدما حسب التاريخ الموضوحيلتزم الطرف الأول بتأمين حاوية مقاس (مشترك) ونقل ما بداخل الحاوية فقط .\n\nيلتزم الطرف الثاني بوضع ما ينتجه من نفايات في أكياس محكمة وربطها جيدا لمنع ترب المواد السائلة البلد الثاني : قيمة العقد\n\nعند وضعها أو نقلها وذلك حفاظا على النظافة العامة وصحة البيئة .\n\nقيمة هذا العقد شهريا قبل الضريبة بمبلغ (۱۰۰) فقط مائة ريال ، بالإضافة الى قيمة الضريبة المضافة (١٥) بمبلغ (٥))\n\nفقط خمسة عشرة ريال بإجمالي شهري مع ضريبة القيمة المضافة (۱۱ۥ) فقط مائة وخمسة عشرة ريال شهري\n\nالبند الثالث : مدة العقد\n\nعلما بأن شركة بقت المقاولات مسجلة في ضريبة القيمة المضافة بالرقم الضريبي (۳۱۲۱۹۷٥۴۲۷۰۰۰۰۳)\n\nهدة هذا العقد (سنة) من تاريخ ۲۰۲۵/۱۱/۰۱م يتجدد تلقائياً مالم يشعر أي من الطرفين الطرف الآخر بعدم رغبته في التجد قبل شهر على الأقل من نهاية مدة العقد بناء على البيانات السابقة في عناوين الطرفين\n\nحب على الطرف الثاني ابلاغ الطرف الأول بأي ملاحظات عن اداء العمل بموجب إشعار كتابي يرسل على إحدى العناوين السابقة . يكون سداد المبالغ المالية بين الطرفين الأول بالي والتحية للشركة وخلاف ذلك فإن الطرف الأول غير مسؤول عن ذلك تم تحرير هذا العقد من نسختين لكل من الطرفين نسخة، ولكم جزيل الشكر .\n</p><p class=\"ql-align-right\">\n\nملاحظه / العمر لا يعتمد الا بالختم</p>','2025-11-25 23:33:07','2025-11-28 02:56:34');
/*!40000 ALTER TABLE `terms` ENABLE KEYS */;
UNLOCK TABLES;

--
-- Table structure for table `users`
--

DROP TABLE IF EXISTS `users`;
/*!40101 SET @saved_cs_client     = @@character_set_client */;
/*!50503 SET character_set_client = utf8mb4 */;
CREATE TABLE `users` (
  `id` int NOT NULL AUTO_INCREMENT,
  `username` varchar(100) NOT NULL,
  `password_hash` varchar(255) NOT NULL,
  `role` enum('sales','ops_manager','general_manager','client','admin') NOT NULL DEFAULT 'sales',
  `display_name` varchar(150) DEFAULT NULL,
  `created_at` timestamp NULL DEFAULT CURRENT_TIMESTAMP,
  PRIMARY KEY (`id`),
  UNIQUE KEY `username` (`username`)
) ENGINE=InnoDB AUTO_INCREMENT=3 DEFAULT CHARSET=utf8mb4 COLLATE=utf8mb4_0900_ai_ci;
/*!40101 SET character_set_client = @saved_cs_client */;

--
-- Dumping data for table `users`
--

LOCK TABLES `users` WRITE;
/*!40000 ALTER TABLE `users` DISABLE KEYS */;
INSERT INTO `users` VALUES (1,'admin','$2a$10$aJLI6Yn2aZWCFs03/.SUkeA1swbKi5qtJsOls.jMroUo3RH8S4EwO','admin','المدير العام','2025-11-04 22:50:34'),(2,'zain','$2a$10$XDSC5T0S0rqEo84Y3VvPJOnhk8DUubX4.mFeg.Xva54Srmc9BSwyi','sales','zain','2025-11-05 19:16:44');
/*!40000 ALTER TABLE `users` ENABLE KEYS */;
UNLOCK TABLES;
/*!40103 SET TIME_ZONE=@OLD_TIME_ZONE */;

/*!40101 SET SQL_MODE=@OLD_SQL_MODE */;
/*!40014 SET FOREIGN_KEY_CHECKS=@OLD_FOREIGN_KEY_CHECKS */;
/*!40014 SET UNIQUE_CHECKS=@OLD_UNIQUE_CHECKS */;
/*!40101 SET CHARACTER_SET_CLIENT=@OLD_CHARACTER_SET_CLIENT */;
/*!40101 SET CHARACTER_SET_RESULTS=@OLD_CHARACTER_SET_RESULTS */;
/*!40101 SET COLLATION_CONNECTION=@OLD_COLLATION_CONNECTION */;
/*!40111 SET SQL_NOTES=@OLD_SQL_NOTES */;

-- Dump completed on 2025-12-02 19:17:02
